Name,Age,Salary,City
Fawn Doucette,54,58944,Fukumitsu
Temple Kinnach,60,35198,Al Bāriqīyah
Janessa Puig,48,58306,Casilda
Raf Liell,60,76671,Montceau-les-Mines
Waldon Sellek,49,68736,Cayna
Tildi Asey,38,57472,Daşoguz
Patricio Lott,68,80482,Los Angeles
Maude Mabbe,49,61841,Briey
Randall Pietruszka,37,16556,Poljčane
Aaron Faucett,36,72104,Luwingu
Francesco Wasbrough,57,67965,Rosh Pinna
Clerissa Lube,59,73616,Taiping
Colly Danielczyk,19,93577,Ciparasi
Ronna Mighele,68,78241,Krajan Tanjungrejo
Averill Gergher,31,78387,Wangjing
Traver Aizikowitz,47,29946,Brescia
Holly-anne Baynard,66,28752,Santo Domingo
Terrell Ghiron,52,89233,Uthai
Kelsy Kevis,26,18097,Kataba
Alonzo Withers,29,34571,Yujing
Thalia Bisseker,60,48846,Bojawa
Hortensia Bundey,68,31322,Maao
Cortney Roles,35,28305,Metz
Lauralee Giraths,60,62214,Le Hochet
Husein Dougher,23,63476,Lianhe
Blinnie Tisun,27,10614,Poja Nae
Toddie Peschet,70,49939,Bi’r al Ḩufayy
Cecily Featherston,52,76960,Fulin
Blondelle Crombleholme,49,91603,Horqueta
Herschel Steptoe,58,79343,Santiago
Kara Malyon,64,15981,Buyuan
Rusty Birdsey,33,25600,Kysyl-Syr
Mose Peffer,49,77009,Nanqi
Guy Denziloe,29,69977,Phonphisai
Winni Usherwood,20,12945,Santa Lucía
Bethanne Kattenhorn,64,95405,Falefa
Fletch West-Frimley,23,61928,Cergy-Pontoise
Roobbie Blackhurst,28,74621,Mriyunan
Alistair Burke,42,58138,Klimontów
Ginni Lorrain,70,58028,Tambaú
Bobbie Bott,44,80036,Liuji
Donica Barltrop,62,82357,Guider
Derward Dublin,32,52250,Kutampi
Kala Dowbiggin,67,56779,Nueva Esperanza
Anderea Lory,52,11067,Moshkovo
Padraic Gilyatt,19,21988,Bebedouro
Norine Juppe,27,72297,Girang
Milt Shearn,55,79883,Bang Mun Nak
Zolly Kemwal,29,88937,Palmerston North
Dasya Fenix,63,10408,Padang
Flora Biffen,23,28940,Yulao
Cacilie Mullis,45,13111,Babica
Sacha Attwoull,22,75131,Podgortsy
Tiffy Harnett,38,81557,Nowy Korczyn
Adrienne Apfelmann,36,72018,Dongzhaogezhuang
Loy McAlister,51,51967,Oslo
Bondie Keave,63,60151,Strašice
Tannie Toby,50,85819,Gujiadian
Blinni Piens,29,26821,Tuguan
Mara Kopec,20,42366,Ranua
Anatollo Heeks,59,73196,New Plymouth
Caz Staniforth,51,60495,Khemarat
Neel Vaar,70,71912,Tyringe
Aubrette Verillo,19,64089,San Eduardo
Perice Morman,64,95507,Åtvidaberg
Sylvan Habble,24,96673,Vårdö
Roi Skace,59,74615,Caçador
Leisha Philippart,55,12408,Qingu
Karry Colville,49,67584,Skaudvilė
Giuditta MacCawley,20,52465,Patía
Currey Ragbourne,19,21820,Néa Karváli
Sophronia Canadine,65,56233,Qaşr Hallāl
Teresita Symons,27,70993,Infantas
Baxy Fullerd,70,30843,Sztum
Hyman Children,67,66692,Murowana Goślina
Franklin Taillant,62,85092,Fuxing
Sibylle Sheber,55,93835,Mene de Mauroa
Ruby Killimister,69,16263,Dolavón
Aldridge Hansell,40,53488,Igarra
Barrie Schechter,50,47463,Huoche Xizhan
Bary Meanwell,29,71384,Baun
Law Ast,67,87233,Bolondrón
Selma Labitt,42,14642,Kuafeu
Lowell Pinnick,31,59254,Taradale
Lorrin Mullineux,35,59699,Dayuan
Renado Coad,36,70950,Raleigh
Fletch Duckels,42,49452,San Ramón
Thoma Lages,59,89893,Serra
Mufi Tetther,69,53735,Guangning
Kenton Pitford,34,53054,Khuean Ubonrat
Kattie Dewis,46,30416,Floridablanca
Pamela Bim,48,36173,Réo
Domini Liddy,39,36739,Rio Bonito
Wesley Huison,46,96682,Klang
Wilie Necolds,70,14905,Pumai
Cherin Pactat,46,11178,Luleå
Claudelle Week,25,66529,Goyang-si
Harland Raun,35,27031,Rakiv Lis
Perl Dory,24,11825,Davydovo
Phil Angliss,35,92578,Lefengzhen
Torrance Maple,32,86264,Guder Lao
Miquela Domoney,36,99979,Sumberbening
Alissa Schiementz,31,39247,Amancio
Bidget Kamall,46,27658,Paris 05
Hunt Byrd,70,91003,Alingsås
Mathilde McSpirron,62,62930,Serov
Caryl Ough,42,86902,Jingouhe
Lorenzo Dosdell,70,40377,Vila Velha de Ródão
Amity Holsall,21,42216,Tužno
Shaylyn Follin,35,78861,Sosnovka
Briana Gartsyde,32,57775,El Aguilar
Sharleen Konrad,20,45879,Cachada
Von Spofforth,44,43563,Pećigrad
Eberhard Clother,25,42214,Farroupilha
Cordelie Roney,42,60962,Messíni
Whitney Center,58,31016,Nahāvand
Briny Kiljan,52,81006,Umeå
Lynnelle Coneybeer,58,29482,Pitogo
Drusie McQuirter,42,19618,Ko Chan
Bogey Steedman,25,16112,Barroso
Hunt Newis,69,91674,Rudnichnyy
Bogey Fey,55,23690,Hongtang
Carolann Bunclark,69,54011,Krajan Gajihan
Joice Bette,43,59131,Barra Cheia
Rozina Gremain,31,77753,Qingshan
Bevon Bernardot,45,47202,Yahe
Celinka Geggus,57,46695,Miyoshi
Kimbra Crannage,40,35003,Cergy-Pontoise
Haslett O'Kinneally,68,98050,La Mesa
Devan Bullon,32,22630,Kōriyama
Graeme Tulip,48,70780,Hutang
Lock Trainor,37,24264,Chadian
Stephen Beat,25,99211,Żabno
Shurwood Siggers,41,49388,Calape
Jeff Conlon,26,70871,Palmeira
Nikkie Gother,38,34483,Sydney
Loralee Beaby,20,58571,San Antonio
Terza Cotgrave,55,65023,San Isidro
Tobin Skim,49,47881,Le Pontet
See Kemp,58,39183,Krasnosilka
Anabelle Longworth,53,87439,Bakunase
Monica Soreau,57,97585,Jiwei
Benjy Braine,62,37773,Banqiaodian
Teodoor Le Barre,34,90001,Weiyanggong
Domenico Lerven,46,65991,Xiong’erzhai
Cammy Carleman,23,47608,Mawlamyinegyunn
Elaina Galletley,41,96752,Pechenga
Mick Drain,66,51037,Uyutne
Meris Skellen,35,61473,Balrothery
Becki Proffitt,68,46593,Gaoqiaolou
Veda Rubberts,60,31379,Mitrópoli
Che Gullyes,26,56298,Dandian
Felisha Nix,45,24393,Ishim
Melvin Glennie,70,36548,Las Terrenas
Emogene Bellocht,57,93761,La Tigra
Caroljean Vaen,58,53563,Las Vegas
Adriena Blaik,22,84594,Qijiawan
Xenia Brayn,69,26023,Shuanglongchang
Maggie Gilbank,25,86697,Balai
Knox Pocke,65,23152,Narawayong
Esdras Ojeda,69,55824,Kalde Panga
Wenda Guerrazzi,50,72858,Keruguya
Loralyn McCorkell,30,98008,Stung Treng
Meridel Roscher,61,90763,Longxi
Dorice Leatherbarrow,55,67520,Karangbalong
Norrie Scoines,62,51903,Gurlan
Paulie Crumb,49,13688,Shangganshan
Seamus Cleary,63,54205,Zhangdiyingzi
Oliviero Quinevan,40,51796,Paidha
Rosina Messom,23,20928,Qal‘ah-ye Na‘īm
Haywood Streetfield,66,82626,Soldato-Aleksandrovskoye
Elton Reddlesden,31,52052,Estrada
Wynn Goldster,26,62110,Timurjaya
Leann Jaulme,63,40686,Almirante
Barton Chattell,46,73430,Falāvarjān
Mela Diplock,22,53941,Zarechnyy
Deanne O'Downe,37,87851,Tres Isletas
Ebony Podbury,52,41103,Caçador
Myrtie Coule,70,93003,Santo Domingo
Julienne Fayers,67,65944,Makedonski Brod
Flin Gallone,37,17651,Jincun
Lily Petofi,45,52027,Palpalá
Cale Tattam,23,78503,Psyzh
Wait Passby,27,63788,Łaziska Górne
Hesther Dumbare,43,39692,Piran
Cariotta Tiplady,70,39030,Sumberejo
Franklyn Eneas,44,10678,Sandao
Elysee McRavey,63,56004,Altamira
Grantham Rozanski,70,59253,Qinling Jieban
Gerick Levet,47,49179,Tuanshan
Calhoun Rand,50,97974,Huangdi
Diahann Gilhooley,20,76814,Layu
Celie Bramont,42,23042,Huangrangping
Brittan Gilburt,58,79996,Kuchinarai
Kelci Veneur,37,18482,Shidu
Britteny Hylands,46,31562,Villefranche-sur-Saône
Brynna Hebden,42,18582,Hasaki
Alanna Boor,20,92440,Haridimun
Kaitlyn Gherarducci,62,13650,Maswarah
Lorianna Wimmer,41,93584,Kalpin
Lauryn Byllam,31,91882,Bria
Meridel Axelbey,21,32415,Purwa
Svend Adriaan,57,30010,Dalakovo
Tasha Pippin,26,19996,Xitiangezhuang
Wolf Friedman,49,32121,Wielbark
Nolan Ambrogio,26,78976,Himeville
Anthia Elsegood,33,58919,Şabyā
Eloisa Coners,44,49453,Uglovoye
Melany Van der Hoeven,64,41377,Ujungpangkah
Deanne Blades,20,28843,Kotsyubyns’ke
Clo Elvin,33,39557,Zakamensk
Pauli O' Cuolahan,44,95827,Binonga
Redd Leggatt,40,90593,Xiajiashan
Tessi Kinchlea,68,99113,Kuluran
Wenda Shama,64,17653,Gurupi
Algernon Vasyunkin,20,14823,Zhili
Tasha Gottelier,63,75534,Mertani
Lindsay Beevis,39,91786,Kpalimé
Clerissa Stothard,65,34005,Agusan
Elana Assiratti,65,37523,Pende
Shandy Kruschev,20,73353,Nonohonis
Quincey Ouchterlony,68,19405,Pruzhany
Garey Skylett,23,95963,Jincheng
Luis Kieran,21,21755,Joliette
Roxane Whistlecroft,44,85227,Gaoxu
Lilia Whitefoot,64,76648,Lebyazh’ye
Chev Dangl,58,30502,Ibabang Tayuman
Hurleigh Fowle,36,29987,Wudabao
Broddy Dicker,67,36270,Mulanay
Giffie Horbart,55,94523,Jiahe
Ileane Donneely,45,98422,Qal‘ah-ye Shahr
Alexandr Jaulmes,69,35872,Laon
Zane Hatrey,64,63928,Almaznyy
Skelly Crevagh,50,12240,Lyon
Jorry Farndell,61,66862,Chlumec
Selena Dericot,52,70766,Jingmen
Irvin Tothacot,36,18511,Ingarö
Mitchel Yve,63,51814,Fentange
Penelopa Simmance,35,28808,Mashui
Ives Briat,32,52455,Nerekhta
Jacklin Duesberry,70,49053,Moscow
Culver Balden,40,35659,Longquan
Elonore Loncaster,67,74151,Bol’shoy Karay
Orson Parkey,59,55010,Aranitas
Ermanno Birtwell,33,70664,Huangdu
Clywd Bradburn,66,86025,Kegeyli Shahar
Atlanta Uppett,26,57657,Maoping
Malanie De Domenici,48,57849,Amuñgan
Woodrow Goudge,61,20267,Oslo
Clemens Burril,59,50880,Kilafors
Sophie Eastabrook,44,19000,Ágios Geórgios
Kathlin Speedy,65,54002,Bella Vista
Bendite Roughley,42,80834,Nioki
Dusty Scamp,69,34748,Anjozorobe
Lucais Kennham,26,30382,Ereencav
Zarah Mortimer,50,74495,San Pedro Necta
Quinlan McRae,19,18298,Thessalon
Dominique Gotthard.sf,30,30097,Holýšov
Tanhya Trenbay,64,94674,Cigenca
Brett Frere,57,35170,Vila Verde
Jeffy Duley,46,46348,Cimara
Marcellus Bravington,29,45354,Las Garcitas
Jessalin Czajkowski,49,96365,Dajianchang
Codie Biesinger,61,64495,Xinshiba
Rozalin Titterell,21,86470,Zhuxing Chaoxianzu
Coletta Sainer,53,15658,Kolobovo
Adoree Tatlow,51,83241,Pochep
Filippa Worlock,19,69336,Pyatovskiy
Eryn Looby,55,12865,Fuenlabrada
Tremayne Novakovic,36,67101,Pochep
Clarice Witcomb,47,85263,Filótion
Elmira Sprosson,37,22288,Kiruna
Lia Lightwing,37,24527,Njurunda
Odell Francombe,65,74004,Ḩabbān
Keslie Kynman,39,24362,Hushi
Charissa Yuryatin,29,27483,Qintong
Herbie Brabon,62,41470,Dodol
Ted Don,20,32549,Lajeado
Husein Sleicht,46,96304,Huddinge
Winni Medd,52,58561,Osiedle-Nowiny
Gertrude Mc Kellen,47,88025,Gumdag
Maia Borrows,23,32019,Pamplona/Iruña
Susan Djorevic,45,32142,Sariwŏn
Evangelin Drohane,19,80830,Junbu
Hagan Duffit,69,39260,Palaiseau
Vinni Hadfield,46,20988,Svedala
Dav Avramovich,22,57475,Vrýses
Ernie Welsby,40,46192,Buracan
Shelia Hirschmann,40,22083,Zhangqiang
Avivah Drover,43,77479,Balite
Padget Cocklin,27,57330,Hongqi
Benjie Siely,29,91105,Wukari
Silva Kingswell,33,84484,Paris 12
Fritz De Roeck,63,90812,Heshi
Trixi Poles,21,90093,Flers
Cris Cracoe,47,61015,Zaragoza
Edouard MacNeice,39,22708,Minsk
Lorelei Minghella,44,95950,Gwanda
Darci Hugett,52,82101,Viljakkala
Kariotta Huffadine,37,48359,Guri-si
Chucho Alvy,37,16938,Berëzovyy
Hanny Veivers,45,25558,Plasy
Harry Cains,55,18437,Pittsburgh
Chelsie Wateridge,48,73060,Mangli
Orson Saxon,52,64576,Senovo
Sam Antuoni,46,96928,Gunem
Caye Hercock,21,78139,Banqiaodian
Brigitte McNiven,60,12656,Göteborg
Abbie Swateridge,46,16853,Châteaudun
Aeriela Henrych,38,85766,Itamaraju
Karla Pear,61,60438,Gampaha
Anny Balsillie,28,19923,Baisha
Holli Frohock,43,32095,White Rock
Hamish Toyer,41,54855,Lasi Dua
Eugine Tomich,51,68604,Taunoa
Edd Saylor,35,92766,Wangchang
Karol Kezourec,21,24578,Vale de Figueira
Angelina Boshier,70,95303,Ji’ergele Teguoleng
Lorenzo Sporton,69,77147,Saint-Égrève
Ardenia Cockerham,39,77456,Xia Zanggor
Mariquilla Vasiliu,68,55074,Bai’e
Crichton Kobpa,57,94634,Villa Florida
Davide Ivett,42,77791,Merdeka
Christine Harome,59,41846,Les Coteaux
Jemmy Hedingham,48,18128,Mengla
Gualterio Baudinet,60,97819,Tak
Madelena Frango,42,68781,Kretinga
Hamlen Trelevan,19,80754,Yunyang
Yolane Rawne,70,71738,Binitinan
Zonda Lindwall,70,48705,Mizhuang
Orson Bourdis,51,32661,Zuogaiduoma
Shannen Phillipps,59,40250,Quebo
Perry Mainson,25,52044,Severodvinsk
Jervis Allbon,33,75435,Meixi
Ermina Axby,53,92299,Lamovita
Carly Leroux,52,35338,Chicago
Carita Ferretti,63,73312,Vera
Ferris Abisetti,51,85269,Derhachi
Laryssa Callen,56,18256,Huipinggeng
Marven Gooddy,51,57505,San José de Bocay
Natalina Sweed,39,86652,Harbour Breton
Link Edgcombe,52,69567,San Juan
Eada Savery,55,59707,Sonsón
Wilfrid Andrei,67,98129,Talavera
Brittne Plevey,63,74775,Jinfeng
Kane Mazey,34,67969,Xiadingjia
Rusty Vinnicombe,68,31409,Drnje
Allin Meighan,65,36169,Nyinqug
Regan Ghiriardelli,33,44613,Fovissste
Atlanta Litel,28,73443,Nglorogan
Nathanil Sawnwy,46,55386,Zbraslavice
Mathias Mattedi,28,44525,Maggotty
Sheena Rhelton,28,90322,Ubrub
Maren Pharaoh,22,77279,Mezhevoy
Mable Eslemont,43,38772,Baytā al Fawqā
Shelagh Judson,21,26172,Balinad
Malanie Merry,43,86389,Shatian
Drucy Hoofe,20,37070,Henglin
Kelsy Noury,65,26744,Vila Chã
Alfie Spennock,69,95095,Stockholm
Rae Shippey,61,80982,Gaoqiao
Ruggiero Mays,55,50483,Luqiao
Paddy Haily,42,99117,Yegorlykskaya
Elysha Bertrand,23,21815,Jiucheng
Pennie Crippin,44,72303,Svalöv
Josselyn Branchett,36,71311,Vnorovy
Kessiah Barrack,49,26759,Cibeureum
Jorge Grant,68,77292,Pravda
Jervis Dorre,68,16908,Sunne
Skipton Deboy,41,99670,Valence
Melanie Reddish,63,55005,Xiaoruo
Matthias Cream,36,72580,Yidu
Gwendolin Chaudret,59,93919,Wangjiaping
Lianna Ormston,34,23874,Armstrong
Gayler Prichard,45,69116,Dingbu
Welbie Sindell,59,30601,Nelidovo
Goraud Mc Curlye,57,91484,Viļāni
Anetta Portal,68,13752,A’yi Take
Blanche Keirl,29,29335,Tanggulangin
Jervis Reddin,36,51855,Ostashkov
Sanders Strike,55,61618,Dianwan
Bibby Duester,30,37166,Tokoname
Karla Grason,68,66606,Dimbokro
Benedicto Spadotto,32,52167,Yeşilköy
Daren Dahl,55,69121,Zhenzhushan
Libbie Salthouse,51,44116,Kuressaare
Karolina Prazer,61,28065,Korniyivka
Ingunna Simounet,48,35598,Sankt Andrä-Höch
Roi Bramich,53,72824,Mawang
Chance Emslie,64,89181,Xixi
Tuesday Ramsted,63,95422,Caucagüito
Atalanta Simmen,44,85111,Kōfu-shi
Gregory Dabnor,44,46190,Kuching
Win Layzell,60,85675,Tirhanimîne
Vivi Klouz,45,29805,Pexiligais
Anthea Guerri,34,41559,Safonovo
Schuyler Rickard,47,69243,Wakimachi
Engelbert Farlane,55,62232,Ballyboden
Cross Damsell,53,60586,Paris 09
Lazaro Scarsbrook,52,80700,Villa Lugano
Cleo Ullyott,32,29179,Tongjing
Heddie Humerstone,27,18580,Rudnya
Harman Booler,44,62745,Houjia
Christie Wapples,61,48450,Debelets
Gratia Eldin,68,53668,Nijmegen
Alison Dobinson,34,93555,Sam Khok
Padriac Buckner,43,15648,Villa del Carmen
Antin Helm,28,59641,Soubré
Prince Geggie,24,25868,Mosquée
Eda Headingham,22,80719,Perm
Leland Hadaway,60,67186,Koesan
Magda Postles,26,57621,Kurayoshi
Michaela Teideman,33,26296,Kavalerovo
Cloe Herreran,25,14608,Huicungo
Eldon Delamar,66,78689,Fushan
Lethia Frearson,29,81167,Takanini
Nata Tanton,54,43083,San Rafael
Ellen Kenset,44,88096,Songying
Archie Stubbin,60,64994,Las Vegas
Fern Simao,29,37971,Elbasan
Elvis Trineman,22,33895,Silodakon
Milton Taggert,34,95039,Longwu
Chelsy Caze,67,63639,Aso
Benjamen Higgen,41,11940,Kulary
Nannie Simononsky,57,99319,Saint-Louis du Nord
Nadeen How,42,88520,Carnot
Lock Doerffer,60,68713,Amuñgan
Kiley Clues,45,43972,Elbasan
Natty Renshell,55,11042,Hepu
Gavan Wint,24,42498,Bayrachky
Hartwell Baack,45,98392,Dongjiao
Ingunna Swinburne,48,12566,Štítina
Ingmar Cardis,41,82606,Ōarai
Wynn Hodge,36,65154,Ford
Frazer Hovington,36,80387,Anling
Clementia Hyman,33,56079,Szczawnica
Nester Muckle,69,51509,Gucheng
Beryle Coping,28,72856,Ucluelet
Antoine Sayle,44,39497,Lipka
Evvie Stanlock,20,78377,Cikaludan
Miller Pickless,62,46293,Mayma
Winny Gipps,38,94930,Mayenne
Moe Normadell,68,14912,Wuli
Genni Kraft,24,98090,Guimba
Uri Bellhouse,54,63524,Yacheng
Theresa Carolan,50,31056,Qaxa
Adele Roomes,42,44678,Hrib-Loški Potok
Ellynn Betje,23,24469,Al Khirāb
Jeramey Keasey,22,43445,Rokycany
Burk Sanham,23,95999,Viedma
Ransom Onians,32,82914,Sapadun
Merilyn McGragh,37,81784,Zengtian
Jack Pavia,60,64147,Cabuyaro
Jan Bauldrey,69,80110,Tabuc Pontevedra
Felicia Windham,32,85904,Ongjin
Florrie Rowbottam,45,62319,Dikhil
Bertina Reddyhoff,56,85755,Filiatrá
Delainey Pencost,49,53952,Flores da Cunha
Antons Von Brook,27,27801,Shengrenjian
Bjorn Dickon,65,60585,Huochezhan
Kev Iltchev,39,11111,Fažana
Salomo Biddleston,32,15979,Laxiong
Abagail Flucks,52,58687,Bethel Town
Enos Clell,63,80279,Xinji
Putnem McLanachan,35,39560,Stírion
Bren Tenwick,62,35765,Qorveh
Robenia Tynan,62,81993,Bétérou
Mycah Karolowski,41,83981,Bangkal
Rycca Malpas,22,93862,Österbybruk
Leontyne Kunze,56,41094,Oklahoma City
Eda Keeltagh,27,96028,Eindhoven
Cyndia Goss,31,41708,Xamba
Yanaton Crus,56,17729,Hailin
Dora Kimblin,20,86256,Santa Marta
Georgeanne Malyan,40,42029,Bafilo
Shannon Raddan,60,28615,Maracaçumé
Jodi Macewan,63,79386,Langnga
Philly Ghirardi,67,70638,Boniewo
Broderic Russi,41,19764,Stockholm
Scarface Donisi,29,10050,Rust’avi
Nell Raccio,26,85097,Túquerres
Layney MacColgan,58,15785,Jiupu
Worth Tuffrey,68,76960,Zarzal
Tim Gioan,65,30011,Sunduan
Kippie Ridett,19,40493,Armenia
Melva Raxworthy,42,33113,Apatin
Hildegarde Julian,29,91912,Santiago Vázquez
Dix Sultana,20,15494,Bonao
Emilee Di Matteo,28,30176,Mata Grande
Rosaleen Beasleigh,19,98513,Masindi
Vito Scorey,34,67877,Ciawi
Broderick De Cleen,45,94923,Ayapel
Antoinette Bust,23,94692,Mili
Kaile Vanezis,22,50638,Cikawunggading
Candis Kisby,40,96790,Bagombong
Deeanne De Filippo,53,22895,Sijunjung
Mariya Mosedall,36,63795,Palaiseau
Cliff Earie,58,44753,Ranisoba
Michaella Hargitt,55,71093,Sukorambi
Viv Knowlden,19,21820,Santa Bárbara d'Oeste
Tymon Olenin,40,47021,Graneros
Mira Enderwick,36,49829,Ensanche Luperón
Ferne Bailiss,68,45930,Quintã
Arnold Lias,23,44320,Gaosheng
Claudelle Faustian,37,32855,Askeaton
Germain Manicomb,27,60648,Ignacio Zaragoza
Starlin Petheridge,20,82336,Roma
Luther Konmann,53,14190,Malanay
Oona Bonnaire,62,54329,Duut
Midge Blackley,70,31231,Villa María
Jennee Blague,39,82873,Al Bahlūlīyah
Felike Emerine,29,58001,Kulotino
Doti Causer,33,13966,Ḩajjah
Tasha Twelftree,37,61138,Barrie
Claudius Gaskin,43,76958,Sofo-Birnin-Gwari
Gabriela Possek,55,47725,Palhais
Kerrie Hassell,52,96783,La’ershan
Juliann Gueste,26,76416,Penamacor
Lonni Fleckno,57,81998,Kalmar
Alvis Simioni,30,11445,Lizhuang
Ricardo Almack,36,31741,São José de Ribamar
Carl Hinder,64,62155,Stýpsi
Laverne Guillot,39,19741,Ketangi
Stanford Mattaser,29,57441,Velké Hoštice
Alanna Lymbourne,26,80414,Laval
Vaclav Mordacai,42,72354,Neni
Viv Canwell,44,85250,Mondim de Basto
Lombard Grimmert,62,46012,Turanj
Teodor Godleman,23,52100,Soly
Felipa Ray,45,38711,Guanba
Alecia Tuting,41,21090,Wanfu
Maire Withull,45,32444,Labège
Petra Corkitt,26,92498,Youngstown
Emalia Kleinsinger,39,19141,Cemplang
Gino Doughill,40,45437,Anxi
Nowell MacCook,38,81732,Anmore
Tina Waith,52,70918,Borodino
Neddie Wyeld,25,89311,Ozerki
Antonietta Senechault,59,65056,Zásmuky
Natalie Wyllie,30,14940,Santiago dos Velhos
Willetta Trustie,20,31347,les Escaldes
Charmine MacCracken,61,43691,Madara
Karita Piddington,26,66292,Ning’an
Paloma Kollatsch,34,85370,Saint-Lô
Joan Letteresse,61,48977,Dapaong
Zollie Silman,40,82358,Vodnjan
Berry Mawman,63,92654,Sananduva
Johnny Kilius,19,92032,Oriximiná
Minna Eberdt,51,49184,Neochóri
Stacee Sandercock,20,64208,La Roche-sur-Yon
Dieter Paxman,33,84275,Kidatu
Warren Egalton,70,57395,Āsbe Teferī
Noble Craghead,67,25282,Kota Kinabalu
Nani Dimitrijevic,56,97308,General Pinedo
Shawn Beazleigh,64,21361,Ipoh
Batsheva Covert,54,76885,Chantal
Angele Hubner,25,85560,Xin Bulag
Ravid Buss,53,94710,Kayunga
Enid Seyffert,57,48057,Palana
Sisely Beagen,58,10962,Trzin
Elaine Heal,68,34523,Varazqān
Lesli Penniall,66,57690,Sinisian
Jackquelin Domegan,60,61402,Shādegān
Forbes MacGraith,29,61450,Meniko
Carmencita Krzysztof,46,51116,Zwolle
Carlie Emney,29,88119,Orong
Benyamin Pawelski,21,43237,Zhu’ao
Terrie McCorkindale,19,82570,Chengfeng
Dallon Tyres,41,67260,Peresvet
Wakefield Kolodziejski,68,59176,Bunobogu
Chandal Levin,43,29594,Jojoima
Joshia Bools,43,10846,Hadyach
Magdalen Carletti,41,36565,Shimen
Felike Smullin,28,65462,Serednye Vodyane
Owen Harston,51,22530,Nanaimo
Reade Broxis,25,76140,La Libertad
Ermin Culter,24,74603,Jankomir
Gillie Lamberth,32,94531,Jovellar
Elayne Haliday,28,47510,Regidor
Huberto Broddle,33,24872,Fuji
Niccolo Leger,28,43522,Andradas
Aleda Josuweit,30,69583,Reshetnikovo
Francois Blance,40,98447,Awilega
Theressa Burhill,36,36869,Ludvika
Astra Daid,30,61326,Amper
Gussie Setterfield,59,31591,Muqui
Kylen Ziehms,33,42462,Sịa
Shermy Nussgen,24,76313,Doljevac
Shermie Dyball,40,15936,Arcos
Cully Charrette,58,96184,Wangkung
Tate Austins,66,22416,Cidolog
Malinda Partrick,61,82638,Cambuí
Saul Harston,69,37614,Catriló
Dominica Coughlin,48,53595,Balakliya
Bartholomew Learmount,59,10270,Lubao
Eduino Sagg,40,56577,Poniatowa
Cad Bartos,54,13153,Panganiban
Gannon Phette,55,80732,Corroios
Umeko Robertacci,48,41832,Ngulahan
Urbano Dimitriou,44,92623,Shiling
Niccolo Cotillard,25,26289,Novi Pazar
Rikki Coggen,41,43069,Cumanacoa
Bucky Baroux,52,91749,Pancheng
Court Soars,20,80941,Gorzyczki
Lisette O'Hollegan,54,91832,Hamburg
Pincus Colles,65,76958,Ivry-sur-Seine
Kaiser Woodrup,36,90192,Las Matas de Santa Cruz
Auria Sunnex,25,65704,Petropavlovskaya
Amii Caulfield,43,58960,Złotniki
Kathy Wevell,44,39350,Sarzedo
Dewey Tailby,56,94238,São João das Lampas
Austine Shemmans,58,69455,Grängesberg
Roman Gibbon,24,94860,Ryazanskiy
Floris Maybey,48,79388,Sijunjung
Margarethe McKiddin,61,56230,Gangkou
Mallory Di Iorio,49,46986,Bumirejo
Anneliese Brokenshaw,38,79347,Karlskrona
Fionnula Yellowlee,48,50593,Bergen op Zoom
Torie Ducrow,63,50164,Oakville
Rutter Dicker,54,18754,Ambovombe
Hayley Peakman,61,68221,Shalkar
Wyn Rape,50,91228,‘Abbāsābād
Livvy Setchell,46,25586,Kozlovice
Belvia Maytum,40,82795,Charneca
Priscilla Cowsby,51,14147,Ampera
Sissie Beedom,37,76096,Qarqīn
Renie Brendel,68,97248,Vidovci
Carlina Fairhurst,65,15207,Portumna
Virgie Ashbridge,33,38918,Bojonggenteng
May Gunner,64,15726,Ntobo
Jarad Armatys,24,79968,Wschowa
Daron Gething,20,17724,Aknoul
Sosanna Gullam,47,31541,Ojo de Agua
Carling Bown,25,99333,Yangchun
Alberto Melan,38,75463,Rāipur
Dav Giff,35,71039,Wanju
Silva Conley,36,64411,Płock
Ham Simoes,33,53017,Dado
Stanley Genthner,58,51128,Nîmes
Dixie Dowsing,19,18175,Goascorán
Faulkner Spybey,65,53022,Carpentras
Frasquito Capini,27,82615,Zhongzuiling
Lisetta Mundle,32,89761,Fenoarivo Be
Farand Verring,62,71351,Taibao
Yale Elgy,56,68741,Galván
Venita Bartocci,36,52924,Bantal
Bambi Enright,41,12349,Mgachi
Jaquelyn Campo,30,52759,Huangdu
Kipp Betonia,62,92209,Rzgów
Katti Janew,20,24452,Ústí nad Labem
Samuel Bastiman,44,38499,Beibei
Bambi Ghidoli,22,83168,Gradec
Sheelagh Biddlestone,65,29484,Sorang
Lannie Gerlack,30,46012,Lavras
Ulla Regardsoe,45,71147,Lauro de Freitas
Merrie Chaunce,70,15459,Romny
Antoine Rembrandt,38,97034,Xindu
Adeline Geeson,41,77572,Rāmganj
Felix Purches,54,54407,Ngaruawahia
Franky Ivic,56,82731,Makilala
Aguistin Mathiassen,22,78407,Manila
Alejandrina Greetland,66,82166,Trollhättan
Dion Lardez,60,92931,Sedlarevo
Shae Iskower,26,68119,Ketawang
Manfred Woodstock,64,26404,Dianfang
Selma Barenskie,69,73150,Gorna Oryakhovitsa
Clarence Eborall,59,21561,Itagüí
Luciana Serck,50,60912,Wuli
Benson Liddicoat,61,20888,Sharjah
Willi Lepper,32,42423,Quankou
Charline Tiffany,38,54484,Guanabacoa
Elsinore Plimmer,43,91447,Tomelilla
Morgen Hinge,25,59918,Joroinen
Ema Todd,25,31609,Lianghekou
Melesa Cottel,62,58479,Shebekino
Dorice Ratazzi,56,41568,Qabaqçöl
Maurice Assante,28,52287,Culacling
Babette Russell,46,61900,Balatun
Ludovika Mattek,49,48262,Lembung Tengah
Dulcine Briers,65,13944,Karlskoga
Tammi Plaxton,69,70832,Brunflo
Danna Antonignetti,39,63072,Kawasaki
Kris MacLleese,28,75994,Nagato
Tad Mellem,48,11330,Ouango
Darby Dunaway,55,23966,Virojoki
Lorens Forestel,63,62146,Vilar do Pinheiro
Brandy Bulger,30,86530,Dahuaishu
Artus Purcer,26,33611,Shizi
Boniface Galletley,41,42651,Mogapinyana
Shurwood Gatsby,50,92831,Dubravica
Munmro Bacop,56,37876,Zalewo
Colleen Blundell,58,72893,Rantepang
Hamish Verchambre,67,36819,Västra Frölunda
Murielle Yalden,35,80349,Shajing
Coral Plowes,59,25007,Parang
Portia Blackwood,54,23172,Löddeköpinge
Moe Barizeret,40,92558,Kýria
Simon Storie,45,60420,Bandong
Roselin Fishly,22,45982,Nanjiao
Beckie Kender,70,86316,Amieiro
Elissa McMurrugh,21,12281,Egbe
Niko Cestard,54,98642,Jiangkouxu
Paige Brahmer,51,53712,Nova Granada
Augie Slatter,33,93520,Bamban
Cully Davys,23,17721,Bryan
Etty Newrick,45,78727,Tiecun
Maxim Seint,24,15139,Maych’ew
Vivi Planks,50,85274,Yutsa
Vanni Hammond,50,63242,Kuchurhan
Bern Holsall,61,64780,Loudun
Ancell McGinty,28,61059,Xiuying
Brendin Sawrey,34,98358,Qincheng
Mathilda Paoli,56,61760,Engure
Nicolle Patry,64,91472,Tsinandali
Cathryn Flatte,33,66446,Pamotan
Tammy Vella,21,26798,Laspezia
Barbee Christophle,31,78564,Akankpa
Cece Wastall,66,97392,Itapetininga
Noam Philo,67,84618,Maïné Soroa
Tamra Andreotti,59,59659,Huili
Noach Rogeron,43,27841,Gvozd
Kate Bamford,54,12672,Quốc Oai
Gaylene Petyankin,65,55573,Chinandega
Seline Challenor,30,31200,Nanniu
Fancie Brightman,51,86568,Petrovsk
Alaine Padell,38,41039,Rio Pardo
Elaine Thurlbourne,48,16818,Mapou
Mariana Dorricott,30,59427,Liulin
Dawna Jankovic,47,55021,Nantian
Chrissy Werrit,40,72173,Qiqian
Nathan MacKartan,37,28485,Daojiang
Hyacinthia Vigneron,54,85621,Boston
Mavis Diprose,61,47372,Jacksonville
Meta Garside,27,51995,Korfovskiy
Morgun Corck,50,65862,Pohbango
Dex Kleinsinger,26,73710,Hexi
Crista Djurevic,25,67735,Novomichurinsk
Wallas Rotge,45,58037,Yangzhuang
Robbie Brownsall,29,77572,‘Alāqahdārī Gēlān
Delmer Cleef,58,88695,Quillota
Marmaduke Bukac,36,22301,Santa Maria
Brandea Birt,70,56295,Trelew
Domeniga Lathbury,27,19141,San Narciso
Brucie Gutsell,19,61727,Librazhd-Qendër
Avram D'Ruel,41,19276,Hanfeng
Julieta Steers,36,16431,Lijiang
Amos Sizey,45,13860,Plataran
Zorana Spyer,48,97692,Ordem
Willis Insley,41,74765,Hesheng
Hilarius Siddeley,46,39326,Arosbaya
Antonina Goodge,46,36508,Khartsyz’k
Gracie Este,69,23064,Gandiaye
Kathye Stucksbury,48,48424,Jinping
Braden Quadrio,54,25692,Pereiro
Valry Sillis,40,53477,La Concordia
Chariot Cakebread,46,52061,Fonte de Angeão
Rafe Francke,58,85579,Woro
Edithe Sturte,44,16528,Valašská Bystřice
Jedd Kaszper,62,58213,Zhonggang
Anya Ellse,30,84630,Pryazha
Kristopher Perotti,67,43966,Yako
Kamillah Noades,55,97917,Choszczno
Antonetta Brownell,35,55269,Pedregal
Luther Aggett,23,31669,Seattle
Jenda Braley,38,18580,Avanca
Theodoric Sapshed,53,44573,Chaínça
Karoly Gelardi,61,32567,Ortiga
Wainwright Grestie,29,17317,Zakroczym
Reggi Smythe,64,95437,Shah Alam
Harper Zanardii,51,58298,Młynary
Earvin Rainon,46,63916,Domampot
Cyril Foye,63,27654,Zungeru
Gage Dearle-Palser,33,80796,Star’
Freeland Gelardi,60,67596,Saint-Pierre
Nert Lapping,64,30940,Zürich
Valery Glasebrook,53,32308,Sarakhs
Arlana Mathivat,36,16746,Oral
Murray Newcombe,28,24002,Zábřeh
Elden St Pierre,21,25885,Bugana
Prince Scruton,39,70900,Bonneuil-sur-Marne
Maxine Laborda,56,52171,Luján de Cuyo
Zaria Farnham,59,58908,Cruces
Jobey Serrurier,32,18882,Luhansk
Cordula Talks,64,75468,Wuli
Barnabe Caddan,48,75274,Even Yehuda
Denna Noraway,64,44287,Changlin
Lizette Rawlyns,61,65610,Changqi
Ariel Otham,57,94596,Santa Cruz del Norte
Jethro Bushell,64,27946,Palestina de los Altos
Baryram Krolik,52,88469,Karabudakhkent
Edy McAvey,22,36249,Hyesan-si
Hilary Fearfull,44,80081,Sepatan
Winnie Willatts,60,25303,Masindi
Teddie McNaughton,34,46135,Yedogon
Enos Hick,51,48830,Xiaolongmen
Basil Smoote,65,44940,Pueblo Nuevo
Penn Jewkes,57,92304,Bungabon
Isidro Cellier,62,67342,Sil-li
Olivier Harback,30,80449,Hitachi
Tamarah Covil,39,51929,Utrecht (stad)
Sergei Bonnefin,56,25529,Wushan
Cathryn Treske,44,48116,Dungon
Remy Plet,43,57243,Siguiri
Silas Behnecken,22,36392,Paniówki
Alexandra Brixey,61,16852,Tartagal
Garfield Bavage,42,83421,Sigou
Portia Snalham,26,99161,Nariño
Skippie Husband,20,28638,Gävle
Gasparo Fryer,55,53966,Kolonia Town
Gram Ivanilov,42,79231,Monteiro
Devora Cufflin,32,58368,Guhuai
Penelopa Matveyev,54,77553,Bardo
Gherardo Beckwith,29,40859,Jieshui
Hube Golsthorp,22,17226,Constanza
Paige Gunda,20,97136,Delães
Beniamino Oldershaw,20,37619,Kingersheim
Fredrick Cavaney,68,46229,Škofljica
Brandon Stopp,36,35849,Mierzęcice
Abbie Corteis,42,62919,Mae Lao
Cordi Happel,65,26363,Empangeni
Glyn MacGown,67,52767,Ambar
Barbie de Zamora,33,81926,Netolice
Jordon Oleshunin,44,35721,Zhuangshi
Raff Tomisch,61,48282,Capacho Viejo
Georas Tonkin,47,29671,Oesena
Helenka Bloxsome,57,67789,Taibao
Gabriell Saffle,68,42211,Saint-Denis
Clementina Dodsworth,34,59022,Liwu
Sylvan Maytom,61,51550,Xiaojian
Juana Wellsman,66,82914,Palencia
Grace O'Henehan,29,84267,Tetebatu
Bobinette Skelcher,38,71496,Ruda Śląska
Jerrilee Lummus,41,95184,Ueda
Gennifer Glamart,23,21334,Cordeiro
Farra Salazar,31,69691,Mvuma
Konrad Berriman,46,44483,Kaset Sombun
Rory Summons,36,39505,Chikushino-shi
Kingston Curwen,65,16347,Krajan Winong
Bess Edling,43,83908,Nīca
Brodie Domenico,35,34733,Curanilahue
Rebekkah Grannell,58,80291,Ifon
Dasie Sirkett,33,80817,Gandara
Winfred Parsonage,20,55025,Waiholo
Dirk Redsell,57,91142,Fovissste
Obidiah Mitkin,32,34776,Stockholm
Curtis Lightowler,65,80542,Zhaowanzhuang
Inglebert Osbourne,57,69368,Nerokoúros
Ferrell Leathers,30,22262,Huangsha
Ossie Pietzker,59,79389,Enjiang
Robbi Dobrowlski,29,45514,Buenos Aires
Saw Fermin,38,87727,Phúc Yên
Genovera Glinde,54,41555,Laguna Salada
Ulick Stonhewer,70,12562,Tála
Morna Biggs,65,69168,Qinglong
Lolly Birtles,69,92677,Huancheng
Lisetta Pentony,39,97310,Zaolin
Lory Vondrach,62,88274,Osiedle-Nowiny
Lizzie Pinnington,58,27105,Rzepiennik Strzyżewski
Bari Brambell,36,34488,Santo Niño
Harris Towll,35,80196,Tây Ninh
Frasier Kittoe,36,58542,Yarīm
Felizio Duffrie,41,46923,Allen
Shanie Gerault,31,18683,Sv. Ana v Slov. Goricah
Flinn Le Grove,47,36012,Verbivka
Chevalier Creddon,47,69548,Houilles
Tiffie Blackboro,66,26310,Matala
Gretna Brace,24,30726,Malabugas
Ezra Tschierse,36,13262,Valuyki
Adolpho Midgley,47,34360,Pau
Dusty Preedy,30,40212,Kavásilas
Spike Aleksidze,39,78315,Kliteh
Chrissy Mossom,68,61445,Zhangzhishan
Paten Narraway,21,45316,Doumé
Fidelia Coviello,31,65807,Knyazhichi
Pedro Adamczyk,62,59990,Cheongsong gun
Armin Polycote,42,87165,Gia Nghĩa
Rosanna Munks,69,41789,Baisha
Aurilia Pre,28,37690,Shuangmiao
Nikoletta Rabbe,38,15072,Akita
Odelle Reijmers,48,90761,Lisków
Taber Mitroshinov,22,12971,Macabugos
Wittie Parish,29,22167,Andilamena
Glenna Andreas,60,28786,Hoi
Marketa Haydney,33,10725,Maloarkhangel’sk
Ferdinand Swaddle,69,36370,Talagasari
Joe Andriolli,39,26958,Cikaras
Tedman France,69,36813,Xincheng
Osgood Twelves,23,60004,Al Mazār
Marcile Grayshan,30,72169,Остров Пасхи
Lindsay Fettes,56,42467,Zvenyhorodka
Percy Heardman,42,41294,Jinan-gun
Gertrude Castagnone,34,59915,Nova Varoš
Rosabella Sallarie,28,24380,Elvas
Helyn Hanbridge,37,45638,Krahës
Lucian MacKowle,70,66378,Xintaimen
Camila Tinston,22,68958,Governador Valadares
Virginie Conigsby,21,31742,Dzwola
Dena MacGilmartin,63,27891,Fangxi
Brion Hyde-Chambers,68,95626,Thames
Corri Wadman,39,56657,Lingyang
Amos Casper,70,89968,Orsha
Marianna Medmore,23,46464,Changshengqiao
Audie Margrett,69,90068,Newbiggin
Way Bagger,42,89546,Mazowe
Alverta Tiernan,66,78851,Orillia
Stormi Saffe,36,51683,Motong
Keeley Crilly,26,62934,Липково
Lind Streeten,23,55486,Bohicon
Nisse Allabarton,61,90720,Cincinnati
Lucio Skelcher,32,45020,Vukojevci
Katrina Adney,62,35058,Sumberkertokrajan
Ash Keer,65,47305,Kirawsk
Nye Chadwick,48,34025,Spas’ke
Lilia Devitt,65,56768,København
Dawn Sawell,20,31347,Guri-si
Maurene Pettinger,29,34035,Karpogory
Ekaterina Oldam,62,38047,Laau
Roxy Itscowics,22,25150,Hovås
Melisse Tertre,51,65367,Algueirão
Fernandina Docwra,52,62661,Turkestan
Bambie Girault,41,63629,Obudovac
Tomasine Christophle,55,47007,Dongzha
Brew Brooking,69,20884,A’yi Take
Shepperd Guswell,21,85629,Kęty
Benedicto Sunnex,29,57741,Bīrganj
Maitilde Kinnaird,54,15983,Dujiajing
Tanny Jelks,42,73057,Kinnula
Gilbert Bernadon,19,69956,Kāmyārān
Ulrich Winfindale,47,33207,Malapaubhara
Anet Tolliday,28,79875,Rivesaltes
Beverie Lonsdale,61,58116,Khvānsār
Mariele Boyes,68,52876,Kista
Silvana Rolston,33,28138,Cambará
Dollie Grouse,64,95862,Ningdun
Woodie Copins,54,34860,Los Santos
Abey Morling,65,32317,Fushi
Vincenty Gorioli,56,98290,Littleton
Callida Beddo,19,19806,Bystra
Ellynn Birkwood,39,37370,Gniezno
Alwin Bovis,45,17786,Kitami
Tiff Arrowsmith,64,20234,Ouijjane
Llywellyn Ullyatt,64,49236,Cipatujah
Levey Orrah,41,73138,Suraż
Sonni Fletcher,33,33175,Newark
Tandy Munnis,30,84145,Ban Fang
Terencio Soro,45,78072,Luangwa
Rachael Kinvan,40,62358,Yanggu’ao
Bryant Ogborne,45,82278,Nakano
Jodie Andover,41,86582,Panjakent
Kirk Folling,67,73122,San Pablo
Ingar Rodell,46,14733,Huayllo
Omar Parkin,32,74294,Liqiao
Felix Izhak,54,87805,Týn nad Vltavou
Olivia Guilford,32,83347,Ikata-chō
Rosco Sooper,70,69385,Kafr ad Dawwār
Libbi Patron,46,60088,Dong Charoen
Faith Apfelmann,26,71209,Cidikit Girang
Allin Clows,49,64854,Uglyanets
Mercie McGuff,30,14180,Karpinsk
Laney Gonnel,24,18258,Ullubiyaul
Gae Licas,60,91237,Thị Trấn Mỹ Lộc
Sol Bownas,22,19883,Jūrīsh
Roma Forgie,65,78857,Labrador City
Velma Matieu,22,14796,Pecatu
Rafaelita Abthorpe,25,81014,Can-asujan
Morgan Snyder,29,56496,Chenzui
Timothy Etienne,38,66339,Migrate
Cameron Tweedie,49,86682,Tominian
Koral Brabbs,60,66205,Khāngāh Dogrān
Dorolice Hars,25,34580,Sayyān
Ragnar Stolle,21,50931,Elías
Tyrone Willans,45,20116,Plaeng Yao
Beverlee Zambon,32,66881,Javarthushuu
Heddie Kach,70,52928,Rostov
Helen Presley,55,83923,Wufu
Eugene Bruni,43,11651,Golacir
Jeanine Slocom,20,54355,Paris 02
Wait Swaile,24,51708,Brahin
Enriqueta Feaveryear,68,90778,Mannheim
Calli Conlon,48,17730,Xuefeng
Myrta MacCallum,50,55154,Hongzhou
Mora Mundall,42,84842,Eastern Suburbs Mc
Codie Scottini,29,93204,Valky
Constantia Francie,24,25970,Berkovitsa
Felicle Collomosse,42,42982,Barrosa
Luce Sherred,44,64074,Quesada
Genevieve Osgodby,56,43422,Bongued
Carol Ordemann,23,94565,Ancasti
Joleen Button,64,17491,Huoshaodian
Meir Chelnam,44,55571,Rogachëvo
Nyssa Gallemore,22,85461,Nanzhao Chengguanzhen
Zilvia Racine,51,90206,Ibabang Tayuman
Fayette Playden,25,61091,Banjar Teguan
Sampson Waldock,51,38497,Nurmijärvi
Marylinda Windmill,62,67564,Cishan
Elvera Luquet,70,35917,Lafayette
Leonelle Low,28,46411,Jiahe
Gertruda Tsar,28,79838,Tanahwangko
Lenci Rizzotto,66,74569,Utrecht
Ange Bewshea,65,81958,Vodňany
