Name,Age,Salary
Flory Mallows,44,199847
Patrice Carlesso,46,222226
Bobinette Phillott,32,157781
Isabella Rosen,23,57869
Susan Hamblin,24,42867
Gladys Larvor,31,146992
Bay Murdie,32,80065
Lane Phizakarley,26,261452
Harwell Crangle,30,84721
Rudie Sedgeworth,20,299804
Ardith Curman,31,218869
Heath Brocket,44,80545
Pauly McCauley,45,123241
Lonnie Farnie,19,96959
Blaire Chaudrelle,20,132893
Amalie Littlejohn,22,296903
Felicle Etheridge,21,150274
Kaila Spir,41,287319
Ennis Guymer,36,251099
Gizela Stroban,42,129590
Betteanne Wallbank,28,175871
Rochester Waterson,29,13301
Marti Spellman,33,235268
Jinny Thorlby,46,291918
Marcella Wortman,34,60262
Henry Chadband,50,91680
Phyllys Yeaman,43,49468
Jeremiah Allenby,20,51084
Gery Pilsworth,48,241592
Mikkel Okroy,34,39670
Dallon Miliffe,49,50151
Philippe Thiem,50,232659
Beilul Kleisle,46,10173
Marylou Ahrenius,32,218907
Lion Angric,31,260494
Cristian Dutchburn,45,150191
Dasha Stonebridge,34,289947
Lazar Charlesworth,24,298391
Ninetta Hallworth,37,296636
Rad Hocking,28,36828
Poul Flohard,36,289628
Elmore Limpricht,45,219639
Herbie Dranfield,39,10200
Izzy Braidwood,28,273414
Beatrix Levet,31,157877
Lynelle Isgate,45,167681
Dell Kenryd,44,159110
Ardeen Bogart,45,271653
Rasla Scantleberry,23,259564
Ora Nagle,37,251964
Guillermo Kirley,43,291642
Leoline Martello,26,100489
Constantine Botterill,35,282554
Link Beckingham,43,106433
Debby Form,21,129997
Ximenez Essam,39,148855
Tom Maffi,27,49040
Benny Pitson,41,84188
Albert Coll,20,58031
Chalmers Gowers,45,276778
Zachary Pratton,22,101262
Quent Joist,48,290530
Neils Imrie,49,38416
Nalani Whittall,45,228090
Irene Hegges,26,196493
Micky Fontanet,48,57816
Donna Danovich,39,299088
Becki Drust,41,87303
Hyacinthie Fullagar,36,127049
Agretha Skelbeck,35,88122
Andrej Gheerhaert,40,241732
Jackie Trillo,25,151247
Marie-jeanne Bould,49,62440
Morey Daber,36,147347
Leandra Daggett,42,15130
Brenn Stables,46,13057
Katrine Winkett,19,243095
Camellia La Rosa,32,179142
Terence Gerraty,34,216943
Corine Redshaw,33,32804
Mela Schiesterl,45,32110
Cathi Dymond,28,235744
Deeann Gleeson,22,139801
Hermia Fery,31,160027
Gaultiero Ryan,39,81718
Linette Kensit,42,241486
Dave Colvine,29,251806
Emelita Guslon,39,142151
Jozef Plevey,27,12028
Giralda Laxston,42,195900
Brooke Janatka,38,67932
Basilius Kibel,23,32063
Thalia Loader,48,280565
Michale Cornford,30,103936
Sheilakathryn Jado,41,289988
West Peddie,45,266250
Wendeline Casazza,31,210660
Fredelia Yeaman,46,265617
Roi Lightbourn,39,188889
Gabbi Deshon,28,145273
Fernandina Lynde,32,275522
Ginger Gelsthorpe,24,214926
Garey Jendrys,33,102203
Kirby Ciccottio,27,133471
Joey Pavic,43,270357
Yorke Ambrosetti,42,10102
Lin Langrick,35,228820
Korry Bonelle,19,26893
Stanly Gribbell,23,156617
Rana McFie,19,10923
Bathsheba Grinnell,34,81570
Sherm Whellans,48,79134
Meridith Gowing,22,272544
Joanna Causnett,27,261825
Keefer Dowears,30,238031
Maxy Gimber,43,253453
Casie Rackley,37,244832
Prisca Kersaw,20,276636
Gustaf Cruse,25,18067
Morgen Yanyushkin,24,22725
Skyler Rhodef,36,113247
Levon Basillon,32,73249
Saunderson Quinsee,46,71976
Zolly Hamfleet,39,94152
Imelda Pantecost,21,135675
Walton Rimour,46,235847
Nero Whieldon,32,108225
Jorey Runnicles,39,283919
Carlota Maffy,36,15303
Olly Locksley,41,285473
Obediah Merle,39,203209
Marylinda Cannan,30,23992
Tyler Roggero,31,178588
Phelia Reynault,19,63469
Hanna Gyles,24,44649
Jodie Colebeck,25,99116
Kathye Hought,27,197734
Lev Doornbos,29,255085
Garry Sweedy,44,177827
Fonzie Ovington,42,60852
Uriel Heddan,38,171508
Isabelle Buchett,34,14297
Noach Dooley,27,113038
Frasier Ginner,31,206515
Wesley Mannock,20,116833
Tiffy Caush,26,251069
Artur Adamson,25,155960
Maire Lanon,43,50359
Marline Eykelhof,23,211361
Erma Muscroft,44,286984
Joye Lindstedt,45,147983
Robbert Ellor,50,61749
Kip Iwanicki,46,110621
Darn Wybron,26,102373
Gale Smoote,40,23307
Raul Balazs,25,237005
Oliver Rowberry,50,134621
Berte Cumberbatch,19,92255
Amy Station,35,109811
Skippy Bertolin,41,213999
Betsey Ourry,22,59053
Selena Klimentov,34,139708
Kizzie Landers,34,244538
Jeth Shynn,46,150869
Vanya Duchatel,34,146056
Elsy Tankard,34,280885
Maia Mumbey,42,161692
Torrie Iannetti,33,180557
Tandi Reddings,28,259085
Alvis Wythill,36,261056
Wit Balsdon,47,109704
Hagen Powelee,43,235028
Guthrey Ivanenkov,30,124409
Stanton Tchir,23,291340
Brennen Whartonby,45,117586
Land Stilgo,25,288399
Alyss Prop,33,136702
Robina Jordi,43,290970
Demetrius Loughrey,33,168989
Leigh Peare,20,99188
Rudy Karpfen,32,190628
Leelah Castanone,23,16227
Kiel Biggar,49,231994
Darius Fuke,42,59488
Nerta Witnall,28,146486
Carleton Brandom,35,227515
Nolan Fenna,36,54111
Benedetta Goodhall,36,96279
Bradford Coniff,47,88397
Perri Prandy,30,115053
Dael Ransom,46,195802
Isa Canadas,21,288108
Norry Falck,19,156851
Christy Doree,37,131450
Waring Veljes,46,247352
Goldia Demeter,49,121985
Dud Bordman,48,106524
Leia McQuie,28,257582
Konstantin Iacobo,38,128366
Melania Trulock,20,41526
Brynn Shearsby,22,291372
Nappy Punt,48,33808
Nye Halvorsen,41,199869
Nealy Hallyburton,47,241414
Alphard Sherebrook,35,157964
Gunar Gilffillan,33,139187
Elvira Cund,36,18813
Marco Rapport,42,52497
Genvieve Vasenkov,41,55884
Colene Cory,19,34067
Madeleine Pascall,20,251669
Merwin MacGraith,28,29278
Cyndie Ales,34,26870
Gerick Iddins,37,50815
Prinz Pylkynyton,43,101641
Benson Shields,20,261277
Marcelline Swales,50,212532
Andras McAless,30,255554
Kahaleel Prazer,23,192705
Teddie Bril,22,246820
Barnabas Danhel,45,39336
Delmor Rasher,23,199678
Jacinta Ravel,43,183322
Adrianne Tapsell,32,56285
Jecho Eynon,46,200413
Jacquette Mantz,46,67939
Raquela Escalera,36,293108
Ursola McQuilkin,44,84444
Lesley Van Ross,24,296077
Bartie Paul,29,154861
Yardley Cousins,35,143094
Silvia Hartridge,20,157960
James Mathely,26,141761
Kenny Esselen,34,295219
Kalinda Bumphries,28,187823
Manda Cardo,34,42470
Franni Rusbridge,43,113211
Lizabeth Westbrook,46,235842
Lianna Pallaske,49,102139
Carlen Stanex,27,291501
Krysta Bercher,43,142542
Gayleen Roffey,34,51125
Ebeneser Tomsett,49,169646
Lazar Colloby,36,89826
Ephrayim Piotr,49,161957
Stefania Plastow,31,136591
Beckie McCadden,35,213833
Devonna Bastick,38,182187
Rubia Coale,38,278872
Henrik Gregor,39,281536
Ethelind Milbourn,22,42480
Nobe Lapere,19,19414
Sly Cayle,47,68537
Robin Hancke,50,52132
Tucky Broschke,36,32351
Ivar McIlraith,20,206155
Jaime Karmel,46,10758
Olivier Dohms,43,224666
Tanner Holby,25,262445
Billie Dufoure,43,244481
Meggi McCalum,33,126810
Moise Douglas,47,283635
Ermanno Hing,36,142388
Armand Merrywether,29,86978
Horatia McKoy,26,56557
Tate Mangham,41,142132
Tim Hughill,19,211566
Louis Shade,30,28623
Eda Canete,21,116960
Conney Rops,50,212694
Alexei Conway,38,29779
Lyon Gilbertson,27,67549
Marissa Sidebottom,21,298908
Shanta Fogarty,48,138072
Rip Larvin,31,47180
Nathanil Antowski,33,108271
Walther Manson,22,145203
Vivi Mackin,27,295664
Andrej Webermann,36,298359
Loella Dummer,30,163869
Caroljean Riseborough,50,78300
Jodi Cardall,32,199347
Murvyn Oby,32,121437
Lou Eplett,47,197602
Cole Dmitrienko,42,49309
John Studart,35,80983
Cookie Martijn,44,145346
Malachi Arnet,21,107961
Ash Iacovacci,30,263998
Onfroi Kelling,20,30038
Sari Whicher,39,168556
Gan Travers,29,30532
Almeda Capnerhurst,34,128512
Si Adame,47,171876
Mayer Olechnowicz,47,174826
Lissi Dunnet,31,251401
Jerrylee Jaquemar,47,157925
Godfry Gostyke,31,166532
Sanderson Burland,34,100002
Valaree Blaxton,39,140577
Harli De Ferraris,33,153006
Sydney Crawshaw,27,299386
Luella Rudram,31,298370
Lancelot Dougal,37,275123
Tiebout Hechlin,31,272090
Davide Feveryear,21,216256
Bambie Simcox,30,142900
Banky Bartosinski,28,40134
Gaspard Hebblewhite,20,235359
Melina Knyvett,28,252931
Trisha Threader,23,195118
Graeme MacAllan,37,227630
Ninnetta Kittow,48,77407
Tillie Bourget,33,80207
Gilberto Garwood,32,298041
Emmeline Hedger,50,39833
Der Lyptrade,42,298022
Karolina Beels,21,211358
Nevile Drysdell,21,261072
Celine Lyddon,36,40660
Lemmy Oleszczak,43,28927
Leo Kembley,30,121117
Cozmo Bottom,43,117529
Dona Newlove,26,134296
Caren Ghidetti,36,95070
Gerry Philbrook,19,115680
Angelo Edge,25,287704
Minny Sherwell,33,163244
Shantee Robinette,30,88265
Quill Goodbarr,48,291121
Estel Gerner,35,138937
Mollie Imlen,32,203865
Berti Coil,30,194725
Frankie Swedeland,45,192442
Consuelo Ends,43,101383
Siouxie Gillice,45,229630
Yalonda Blick,26,283192
Silvano Stanley,35,105706
Anna-diane Faltin,22,95220
Krissie Tottem,26,10154
Georg Bernade,50,22687
Teresina D'Antoni,45,64716
Vale Attenbrough,33,32026
Chrystal Cromly,34,267756
Barbaraanne Molden,33,26745
Kacey Whatford,41,286874
Tann Mileham,34,159128
Lorita Swanger,22,182896
Faulkner Bartke,36,33301
Mortimer D'Errico,29,114611
Thain Nolder,19,150000
Stefanie Heathcote,38,11536
Gabriella Hancorn,26,50116
Basilius Mularkey,22,214454
Eleanora Gandrich,21,252768
Conni Taffurelli,41,70586
Zulema Jacobovitch,25,41852
Lazar Ferry,40,45862
Susan Wight,32,180080
Gleda McCrackem,50,69742
Sandra Austin,40,33743
Holden Giannasi,44,225309
Melessa Grzegorczyk,49,105096
Bertina Pozzo,34,102958
Adele Climson,26,14369
Latia McGaughey,47,26703
Kayley McCaig,47,252536
Fiorenze Larcier,37,202464
Godfree Romagosa,48,79592
Bella Fransemai,49,101004
Iggy O'Hanlon,21,149824
Aeriell Calbaithe,22,200752
Carol Collibear,22,45203
Quentin Pressey,27,29173
Esmeralda Domange,47,151158
Cary Middlemist,48,219275
Conant McCreery,49,130611
Carmelia Maliffe,49,144878
Karlan Oliver,35,161532
Kelley Blose,37,195691
Theresa McGrayle,44,179815
Aharon Tewelson,30,63491
Lawton Pietrzak,41,41018
Paige Coskerry,49,138611
Brent Heggadon,21,226192
Wilmar Gallahar,31,136505
Brenda Bendix,40,113640
Robina Danforth,21,187971
Kit de Leon,41,93553
Juliann Wisdom,37,143289
Charlot Swash,37,180930
Breena Jarvie,25,111777
Raffarty Ledley,26,155243
Archy Coverlyn,38,143042
Nilson Godfray,28,184589
Carrol Gabbotts,22,167763
Ashlie Ullyatt,36,86460
Rhona Bottoner,49,176694
Adan Gosse,29,236672
Mella Simony,37,181074
Margi Bottinelli,28,100972
Maribeth Morrell,20,51217
Kristal Goodbody,40,201584
Giacopo Beumant,42,77067
Marna Lynch,46,206378
Tabbi Goggey,26,200224
Allyson Robarts,30,150461
Edin Mackney,24,298766
Reta Beetles,21,297510
Marcellina Huggan,25,119725
Ariel Addams,28,250639
Gertrudis Ausello,19,48100
Lara Locker,31,163253
Lynnett Gorges,25,142714
Burty Macewan,46,278439
Jenelle Spurgeon,32,288599
Dela Sandyfirth,36,85190
Vincenz Nisbet,33,283727
Benoit Stock,48,242071
Fee Newlands,45,32024
Vivyan Brazelton,41,229173
Anson Proby,29,161076
Jasun Jimmes,46,108800
Lark Hammarberg,40,183712
Jenni Baraclough,41,19080
Raquela McGuane,25,295306
Beltran Chettoe,47,42212
Sloane Childerhouse,37,173542
Towny Stiggles,36,140623
Amabel Darrigone,35,16169
Roddie Midgely,29,113005
Gianni Oneile,22,98227
Aarika Marsie,35,53704
Ella Kettleson,49,167004
Peg Jurs,43,248990
Edgardo Foden,45,297185
Ethan Jesson,49,132127
Adrienne Crotch,40,61351
Wood Cowoppe,21,294376
Jarvis Dulwitch,37,52110
Clevie Domotor,36,24146
Celle Floyed,24,27537
Rubi Seacombe,20,266699
Adelbert Valde,34,290930
Emanuele Riste,19,253875
Grantley Grennan,47,34913
Pavlov Beechcraft,35,209631
Birgit Bernardotte,44,39779
Brittney Paschek,26,229536
Sigrid Maso,39,45467
Billy Cowitz,41,58824
Faulkner Rennocks,49,47464
Pinchas Vasilyevski,37,80321
Burton Clogg,38,166973
Victoria Vasilevich,36,197049
Idette Gabbat,39,117221
Evania Vlasin,27,114815
Leyla Lutwyche,29,170009
Shannah Peterken,45,137072
Arvin Castellino,25,153848
Amil Prin,46,118132
Anton Lawrey,20,143509
Kanya Caulcutt,41,101634
Joella Edowes,34,161760
Ambrosius Oboy,35,156639
Moise Eagar,33,23528
Lindon Rolling,36,283367
Roze Thinn,39,244778
Meggie Normavill,49,44901
Veronica Tregea,24,86302
Yoko Breedy,21,54144
Sidonia Poncet,30,128000
Goddard Kubanek,26,297848
Benoit Notley,38,89144
Stanislaw Darko,26,267944
Joelynn Groome,37,263566
Denny Curado,22,28394
Vicky Candey,40,212302
Marillin Graeme,26,228345
Jarrad Swinbourne,39,87403
Remus Malkinson,42,289988
Abran Giacomi,31,110309
Amelina Canti,25,183470
Sondra Dovington,30,39440
Morganne Cordel,42,121140
Codee Ridding,29,125524
Joyce Maloney,46,69158
Ashley Flott,36,25089
Vaughn Farge,26,160908
Hugibert Penner,46,49440
Liva Fiander,49,273799
Violetta Elgram,49,155979
Sigismundo Barrott,20,134165
Marybeth Kilgannon,34,278901
Dniren De La Coste,50,122071
Melba Darter,45,68643
Eddy Cracknell,36,97155
Wendall Arnoldi,43,172963
Kerr Roser,47,186979
Patrice Beck,26,149415
Hedy Heppenspall,42,30592
Karyl Hatherley,25,240611
Burnaby Matas,49,189734
Nonna Deeney,21,251558
Winnie Softley,48,42482
Britni Glanton,33,207891
Albertina Bloss,39,68066
Chloette Scoular,21,59949
Fiorenze Huffer,27,251904
Ingemar Jimeno,49,296429
Marysa Blanchet,39,19202
Penelope Haggart,37,43197
Jacinthe Kobke,47,242312
Dalston Raiker,50,199693
Oralle Morrissey,47,43873
Dan Lermit,28,88047
Susana Burdin,26,57394
Darin Lodwick,34,194351
Moritz Wayte,35,10969
Mickie Coltart,50,208353
Hart Youle,42,249452
Stesha Newhouse,30,59512
Suzanna Lewcock,47,102598
Jerrilee Sail,20,298147
Nealson Pollastro,29,82426
Ernesta Royall,32,168948
Niles McNeil,47,253673
Pen Conklin,40,159942
Walker Connick,47,188754
Salvidor Caffin,25,125210
Cesya Crimp,24,151628
Fiorenze Walden,46,285714
Gabie Verrell,28,98645
Engelbert Wyvill,45,99309
Hart Kollach,47,44349
Mordecai Howgill,31,213392
Fenelia Genn,26,40486
Muffin Bayston,50,260715
Lotta Gebhardt,37,10830
Eamon Woolveridge,39,93190
Elfrieda Tale,44,58453
Doroteya Rainsden,49,221648
Jed Wilmington,22,297480
Lovell Crosio,46,149354
Salomo Batisse,33,207602
Aurelie Foggo,24,67426
Ilise Spataro,43,171608
Zeke Whettleton,41,158965
Lambert Hooke,27,231142
Northrop Androsik,25,225885
Bessy Kinnen,32,119558
Chane Spires,37,184872
Julee Baseley,48,133680
Heath Sheldon,25,99300
Gaspar Rycraft,49,207274
Thadeus Cursons,24,206860
Kenny Hought,41,270570
Lacey Bench,35,62605
Sheffield Yedall,25,67908
Addison MacNess,34,148268
Hildy Adnett,44,141259
Rufe Hullin,42,149121
Sylas Heller,38,165508
Bayard Beel,36,216191
Ailbert Curnnok,34,135926
Max Lorant,40,198215
Chrysa McDuall,47,106271
Ninnetta Winckworth,25,136934
Jinny Aldrin,39,188264
Jannel Cottier,35,163742
Deerdre Chater,44,184488
Anastasia Otto,45,205618
Ortensia Frugier,21,16982
Decca Ferronet,37,10000
Camel Ryce,30,146198
Denver Goade,42,32773
Wanids Butler,23,248045
Cristine Mitchenson,47,172285
Terence MacPeake,46,31244
Ivett Cree,26,121413
Jordana Jesty,48,173759
Konstantin Sharland,43,30657
Kristos De Bell,24,61587
Devland Russilll,43,31312
Katine Jurisch,38,20522
Engracia Camilletti,27,72222
Hermann Hames,34,59521
Cati Seabert,49,182410
Gerick Regler,41,48013
Allina Haselhurst,33,93976
Onida Paxeford,24,280105
Ichabod Rivelin,39,173719
Ardyce McCrae,22,47131
Rayner McInnerny,36,286779
Trumann Whines,49,156784
Duky Jakeman,38,159845
Dalton Edgley,37,184138
Marwin Giovani,20,131808
Legra Greenin,47,280328
Catharine Penreth,39,293764
Alanah Rickard,43,164528
Bartholomeo Wiz,49,10020
Ulric Durdy,47,152330
Elihu Surby,26,64311
Svend Cheesworth,34,289746
Drusilla Charle,26,182889
Leda Schirach,39,159216
Byron Darlison,28,12362
Robinia Branno,39,69068
Kearney Marney,25,248846
Coral Bridel,47,32628
Freeman Gilkison,19,32256
Nerta Ianne,48,11739
Babs Giacobo,21,60410
Stern Radcliffe,48,207198
Peterus Upton,38,91189
Geno Charter,31,296069
Wit Houseago,36,242055
Sammy Kuller,41,89299
Arv Gepson,30,83708
Loydie Clement,43,204418
Archibaldo Cowden,39,188405
Andromache Pietasch,32,210138
Don Petronis,24,93681
Yank Puddin,49,131158
Marlene McWhirter,28,106230
Kendell Riccione,22,233349
Nicholas Matschek,35,86823
Sterne Radloff,21,31544
Alejoa Cristoforetti,46,169921
Corene Brissard,35,284644
Holly Simonnet,46,162602
Hamel Kubasiewicz,49,154825
Galen Beamont,41,237409
Aguistin Rogers,37,156096
Miquela Allard,39,153135
Nerti Langstone,34,192771
Adolpho Bromont,37,14484
Heloise Cullivan,40,248453
Adara Medgewick,21,118265
Myer Birtley,42,266096
Dillon Labdon,37,281730
Viva Heathcoat,19,27514
Patrick Gillies,27,41907
Jone Peltzer,24,294741
Trever Akister,39,16095
Hazel Dewdney,27,58186
Nita Preshous,37,106412
Dierdre Recke,47,286328
Ginevra Hirtzmann,48,72056
Cornie Ruslin,49,95632
Tomlin Artis,43,248479
Tera Valerius,42,22425
Patty Twidell,35,30685
Lacy Newick,49,216815
Tim Carding,21,111599
Dorena Brownhill,34,63425
Francisca McLucky,43,112814
Trever Habbema,22,216151
Kata Chinge de Hals,46,99228
Lusa Reinisch,31,48196
Martina Lygoe,46,230009
Grady Edmead,40,246402
Kylie Gornall,37,184471
Cathrine Fulloway,41,36019
Pru Grovier,41,112551
Joni Chick,27,280733
Tedd Welch,46,228534
Zondra Hanburry,36,57015
Clarette McClunaghan,36,249125
Stavros Stittle,23,79561
Bev Dewicke,35,229589
Tony Farlam,41,87116
Maible Parrott,31,228451
Gratiana Mitkov,24,26890
Ladonna Kilmister,21,19375
Noelyn Tremblay,22,264879
Leupold Curle,39,86548
Sander Monro,35,55420
Ardyth Aronin,20,276375
Doralin Janas,19,35683
Britt Stockings,23,80863
Margaretha Flooks,40,15810
Becca Aps,46,209764
Jarad Bartolini,32,209652
Jason Kimmerling,26,43905
Arlana Byk,44,62467
Opal Caulliere,50,140202
Carlos Housby,32,17899
Beverlie Barehead,33,81384
Monte Althorpe,28,219149
Sonni Faas,50,83188
Fletch Macconachy,23,296111
Chastity Heynen,35,213216
Leupold Cowtherd,47,286697
Sharyl Ebbotts,20,222021
Mommy Blumer,31,132556
Roze Tenney,33,261064
Hieronymus Sommerfeld,36,37731
Sylvester Tigwell,28,277996
Dana Skunes,33,87249
Davita Ryves,40,104821
Tamera Lebreton,43,103314
Adena Soots,30,282589
Jeffrey Dan,28,149069
Gabi Fransewich,50,209329
Amelia Ewings,32,136481
Bart Schultes,28,75321
Hamish McDougall,32,169450
Evan Critten,26,39133
Jared Neary,44,70617
Quintin Jeandeau,19,265885
Georgetta Lavalde,31,286631
Marley Nugent,47,55874
Stavros Jackways,44,221578
Willard Sommerlie,41,153713
Glynn Eagles,26,255507
Kassia Pollicote,27,215104
Rodolfo Nalder,41,31866
Gram Hubbucke,44,193111
Waylen Penrice,36,273025
Gilbertine Dyble,28,32039
Chere Dooley,32,140547
Giustina Yeatman,20,244236
Clevey Graith,23,289352
Darrel Yellowley,41,207011
Olwen Buss,32,238797
Karlene Zebedee,25,193149
Noami Cossington,44,247669
Clifford Heed,37,178410
Odessa Allsepp,31,126429
Kerri Livingstone,34,132626
Guido Truswell,31,235062
Lexie Temporal,40,127845
Teodorico Daines,31,247649
Vince Pendell,26,37616
Rosabel Chiese,44,52801
Thorpe Shearn,23,116005
Marlo Langsdon,34,241703
Herbert Bafford,39,212128
Jareb Codlin,36,138848
Cirillo Domleo,42,197631
Christine Lingfoot,21,159875
Rodolph Borgesio,50,241160
Rosette Laister,45,156285
Emory Doxey,32,155034
Pet Imloch,42,78800
Constantino Tomczykiewicz,21,180333
Merrill Petherick,24,295559
Irina Ninnis,40,250210
Murial Fearfull,24,188409
Guthry Albrighton,50,127657
Benoit Myott,27,13395
Rhodie Castrillo,33,182085
Bailie Mammatt,49,222167
Uriel Jillings,41,27025
Kimmie Denman,27,280617
Locke Chritchlow,27,31259
Sayre Rycroft,23,252069
Mariel Quinnell,42,15496
Cody Shipton,24,73050
Loria Kitchingman,30,215194
Enoch Millichip,42,212999
Verna Label,31,140949
Collin Coldman,44,145079
Eugene Stolli,19,243912
Sherwood Roddy,30,194323
Giulia Heatherington,26,125950
Kurt Woodger,22,182623
Janey Walduck,32,185843
Opalina Gecke,27,279761
Lanie Greenough,27,246183
Hulda Pilmore,31,135337
Ora Ceschini,47,200435
Loella Pennycord,30,96611
Mabelle Bree,39,82930
Marylou Huebner,32,293872
Theo Weightman,32,125361
Parrnell Ivins,19,188504
Vanna Hammarberg,38,198244
Giovanni Monteith,31,29856
Neville Scholtz,19,145037
Bernardo Skingle,38,173044
Priscilla Gall,47,205622
Callida Arkwright,33,227410
Den Ledley,38,252101
Dalston Bowdon,36,148118
Markos Panyer,21,166929
Dee Campanelli,24,193084
Rosabelle Duckfield,21,131843
Cornie Baison,31,126347
Alyse Lydford,47,30446
Marena Southerden,47,247343
Ilysa Frudd,21,135721
Moina Causley,50,185303
Modesta Newgrosh,24,257182
Craig Gilhouley,22,177648
Rhianon Chazerand,27,220299
Natty Castellone,49,209642
Eydie Stookes,30,33306
Royall Kedward,34,206851
Selma Grigolon,44,202464
Ethelin Cescoti,39,57731
Alyson Pena,49,70094
Fedora Zanicchi,40,82604
Colin Latchford,47,209372
Tiffanie Cubbinelli,26,140853
Merralee Billin,43,53891
Jody Habberjam,28,71345
Giorgi Pawelczyk,37,224559
Barth Thaxton,29,48728
Wilburt Zelner,49,139864
Harriette Canham,35,188401
Leann Allner,22,126573
Correna Twiname,32,237554
Julia Faint,30,205472
Selene Coulthard,37,110022
Marvin Mole,33,151643
Tobye Vasyutichev,43,104306
Saundra Donnison,30,113975
Robinette Scates,37,284004
Trefor Bedow,37,37738
Lennard Cello,31,69412
Torey Salerg,33,137241
Anastassia Rykert,22,63486
Audi Rattrie,31,35020
Elayne Godbolt,32,281833
Jacki Lindborg,31,89176
Abrahan Caton,26,264583
Rey Christian,47,169587
Gwendolin Carlo,34,142034
Burke Crawshay,27,175778
Lawton Davys,46,23719
Leland Labitt,48,71723
Gino Winsper,35,117478
Rena Gowland,40,16196
Bank Musso,20,57050
Tore O'Shee,24,224264
Taddeusz Ginty,37,187186
Virginia Umpleby,31,127972
Evvy Glidder,46,176222
Jim Slopier,23,132691
Tory Teideman,30,273854
Ania Revington,44,85635
Ashleigh Blesdill,39,250241
Kalindi Brasener,31,283120
Dorry Woodus,21,282506
Amelita Drewitt,23,101402
Joane Van Weedenburg,33,151127
Jaquelyn Theurer,26,176282
Sanderson Tyne,37,47147
Banky Assiter,27,112856
Uriel Lavers,29,70899
Iolande Pamphilon,32,136391
Carolin Sleite,32,298223
Luther Watting,40,124179
Cornie Winspar,31,100242
Sabina Meriet,47,232079
Tandi Pogosian,36,200937
Pet Loeber,46,19097
Tad Hayer,30,69349
Loleta Collcott,25,156920
Berget Gilbey,32,24074
Sula Kyndred,21,108673
Mandi Phillott,25,116923
Ashia Deverson,28,220089
Teddy Olle,42,183343
Eleen Brounsell,50,297308
Auguste Belone,43,215842
Cosette Speed,44,28378
Logan Learmouth,50,175999
Bobby Baudet,20,212180
Veradis Mansford,35,118139
Glen Jerrom,22,229348
Veronique Drewery,39,60085
Nicola Fatkin,23,143746
Ramona Peatman,50,223356
Clair Incogna,38,74607
Caprice Cardoso,30,83397
Ortensia Jendrys,34,198904
Arty Mordey,45,195208
Juliana Sidon,50,51014
Joell Cornhill,19,224123
Eulalie Tuffell,36,285813
Griffin Tourry,20,62882
Robb Amsden,41,247328
Selena O'Mullaney,34,156458
Benedict Dwine,31,143357
Fan Westbrook,36,201868
Lebbie Beatty,43,141656
Lanie Kingscott,41,104138
Garrot Binyon,45,253119
Adelle Binden,27,52652
Winne Stemp,22,164342
Theo MacLardie,39,146655
Errick Trusdale,29,193129
Heall Ferrand,21,194656
Kristen Whenman,37,22169
Frederich Paz,49,281382
Tim Tillard,19,233980
Mozelle Gait,26,83281
Vincenz Bass,47,198750
Bonni Piperley,49,228907
Morgun Petcher,37,150096
Georgetta Rainbow,43,123008
Traci Walkowski,23,265206
Flori Waszczykowski,35,153219
Amye Reford,26,43169
Lindy Piola,49,44818
Sherlocke Cripwell,31,10866
Hailee Skotcher,49,65642
Tobye Beynke,39,164890
Lyle Warton,42,67048
Zulema McConway,28,104764
Maribeth Craigmyle,39,273696
Vida Allbones,34,147383
Julius Ponder,35,133343
Rodrigo Pettinger,37,28070
Lyn Yukhnev,34,39304
Aleta Bonnefin,28,164712
Rahal Colcomb,22,105259
Colman Shermore,44,124322
Chryste Layus,48,96025
Maison Collaton,30,154407
Jarad Trayling,31,285181
Stephana Matis,28,50373
Austine Iacivelli,40,177432
Audrye Beamson,34,243419
Gusta Mothersdale,49,259417
Nadine Flintoff,19,106519
Rouvin Simo,40,185191
Ashlie Durrand,29,188593
Anthe Ivel,44,234647
Rakel Burtonwood,50,125063
Marice Buckenhill,45,240340
Maryanne Ledson,45,54748
Anallese Almack,41,96687
Lyn Hindrich,25,231251
Lindsay Gilfether,37,14416
Bee Prinne,25,109313
Melisa Boult,29,229113
Willow Arnault,34,256786
Herminia Gawthrope,41,12189
Tito Sterke,27,102179
Aaren Calloway,48,119009
Lizabeth Badger,50,179306
Korella Cowton,21,55921
Nina Gimblett,28,105718
Gaile Mogra,45,122663
Virginie Rops,26,54976
Preston Brok,46,126139
Denis Yirrell,45,114678
Hamlin Huntar,19,102920
Cory Cashley,33,53019
Xylina Calderon,39,186852
Hermon Niave,46,263757
Mara Boom,44,165883
Tailor Lude,19,119081
Uriel Alenichev,41,53142
Alessandra Pooke,42,193473
Marybeth Lonsdale,20,28642
Brit Jekyll,46,295458
Enos Kuhnwald,46,269015
Ginnie Runsey,41,285725
Jenny Merill,46,250711
Shepard de Vaen,21,58636
Brandon Beidebeke,50,211677
Kirstin Rubinivitz,27,125030
Loren Reimer,36,228736
Cyndia Croxley,36,217852
Bambie Matveichev,23,86199
Rayna Rodder,21,191975
Aldus Coniam,22,187871
Shelly Pote,41,28015
Chevy Mealand,30,185450
Mildrid Oglesbee,24,126553
Denver Vooght,37,218104
Tobie Ricciardello,40,239746
Stephen Jenney,27,151585
Ardine Common,46,54286
Quintus Melhuish,43,258831
Zaccaria Maving,47,11118
Ileane Kubec,19,132308
Petronille Grzes,39,271102
Frederick Arnaudot,34,39908
Corina Mallatratt,22,182971
Brody McComish,22,198013
Nevins Swetland,35,114830
Aylmar Ogden,36,177027
Lucias Tipens,39,289585
Lydia Sweetlove,29,118465
Sacha Jablonski,37,212856
Abigale Rackham,40,126277
Hesther Willett,26,36527
Caprice Bick,41,238128
Maureen Ghidini,25,232619
Abigael Wortt,29,163402
Vaughan Boraston,45,176189
Anne Bentame,36,162238
Denis Van Velde,37,215666
